Time,Lux
1468943544466,0.0842132568359375
1468943544565,0.0
1468943545976,0.0842132568359375
1468943546084,0.0
1468943603684,0.0
1468943715773,0.0
1468943716025,0.25262451171875
1468943716124,0.0

