time,step,Galaxy-S5-atonomura,nexus7-2012-hmurakami,nexus7-2013-haida,Xperia-Z5-tyamamoto
0,0,0.0,1300.0,15.073684692382813,536.0
3,1,0.0,1300.0,15.073684692382813,536.0
6,2,0.0,1300.0,15.073684692382813,536.0
